页,verse号,版式,标记,直译,意译,处理建议(改/删/过),备注
3,3,interlinear,no_yin,,（贵阳市中华北路289号）,,
3,4,interlinear,no_yin,,贵州新华印刷厂印刷,,
3,5,interlinear,no_yin,,印数：1—1300册,,
5,1,xuanyi,ann_merged,龙志毅,起外取连育造,,
15,3,interlinear,margin_noise,讲　召王　万历,讲万历召王。,,
15,5,interlinear,margin_noise,召王　疑　不　好火,召王觉不好，,,
16,5,interlinear,margin_noise cross_split,凡间　冒下觉烟马　火　不,凡间冒烟火，,,
16,6,interlinear,no_yin cross_split,王演战一,片态烧游的。人正B协短,,
17,4,interlinear,margin_noise,做　三　年　干旱司,使天旱三年。,,
17,5,interlinear,margin_noise,讲　召王诮贝不白　旱毖崩,谈起召王时天旱，,,
18,1,interlinear,margin_noise,季节　十二　太阳,当时有十二个太阳，,,
18,3,interlinear,margin_noise,日　不　得　出　外,白天不敢外出。,,
19,3,interlinear,margin_noise,时　寅　太阳　开始,寅时太阳起，,,
19,4,interlinear,margin_noise,到　时 同卯　就　见,到卯时就见，,,
20,2,interlinear,cross_split,从前　十二　太阳　1人,从前有十二个太阳，,,
20,5,interlinear,margin_noise,没有　人　住　家米印,无人住家中。,,
21,2,interlinear,margin_noise,放　稻谷　就　不　成,栽种不成粮。,,
21,4,interlinear,cross_split,石头　熔化貌（状词）　昭人,石头熔化成水。,,
22,3,interlinear,cross_split,没有　人　住　家屋　1六,无人住家中。,,
22,4,interlinear,cross_split,从前　十二　太阳　（同外,从前有十二个太阳长子,,
23,2,interlinear,margin_noise cross_split,盘古　去　干活　邀,活 盘古去干活。,,
23,3,interlinear,margin_noise cross_split,栽秧　就　不　生长 越,称　栽秧不生长，,,
23,4,interlinear,margin_noise cross_split,种稻谷　就　不　成　卧,干种粮种不成。,,
24,1,interlinear,margin_noise,天上　成　乱腾腾,式天上乱腾腾。,,
24,4,interlinear,margin_noise,田土　热育崩成　灰,日杰田土干成灰，,,
25,2,interlinear,margin_noise,十二　楼　都　墻,都城十二座，,,
25,3,interlinear,margin_noise,丢　经书　不　读,均无读书人。,,
25,4,interlinear,margin_noise,全　天下　天下,天下全世界，,,
26,3,interlinear,margin_noise,真　恨　多　恨　大,人们怨气多，,,
26,4,interlinear,margin_noise cross_split,气馁　全　天下　十天 ,天下死沉沉，,,
27,3,interlinear,margin_noise cross_split,水　中间　潭　真　干日，晒,干潭中水，,,
30,2,interlinear,margin_noise,死　花鱼　下面　坎,晒死坎下鱼，,,
31,4,interlinear,margin_noise,天　做　旱　很多,天旱这么久，,,
31,5,interlinear,margin_noise,死　花鱼　下面　坎,晒死坎下鱼，,,
32,2,interlinear,margin_noise,秧苗　断　节　中间　田,秧断节田中。,,
32,3,interlinear,margin_noise,水　干　就　死　鱼冰,水干鱼就死，,,
32,4,interlinear,margin_noise,秧苗　中　田断　节,田中秧断节，,,
32,5,interlinear,cross_split,秧苗　竖脸去　天　山, 秧仰脸怨天，,,
35,4,interlinear,cross_split,种田國六个　就催.不　成　國太,种粮无收成。,,
36,1,interlinear,margin_noise cross_split,石　熔　成　沙子　曰,石头熔成沙，,,
36,5,interlinear,margin_noise cross_split,.石头期熔化　成　沙子　國,大石头熔成沙，,,
38,4,interlinear,cross_split,时　太太阳　开始　國太,寅时太阳起，,,
38,5,interlinear,margin_noise cross_split,到. 人时卯！就见　图人,到卯时就见。,,
40,1,interlinear,margin_noise,找　匠人　杀　太阳,找英雄杀太阳。,,
40,5,interlinear,margin_noise,杀　才朗　得天　太阳,能把太阳杀？,,
43,1,interlinear,margin_noise,拿，　八字　来　翻,拿命簿来翻，,,
44,2,interlinear,cross_split,哪个　得發入三　甲　三,哪个得三甲？,,
48,5,interlinear,cross_split,杀　才　得　太阳　以天,才能杀太阳。,,
49,1,interlinear,margin_noise,刚刚　得金　见　家　亮,天刚麻麻亮，,,
51,2,interlinear,no_yin cross_split,拿　八字　来　读　卡,拿八字来算，,,
53,1,interlinear,margin_noise,去　坡止面　呀　等,去坡上等待，,,
53,4,interlinear,cross_split,魏　家國大会　打　箭 國六,魏家会造箭。,,
54,4,interlinear,cross_split,哪个　杀　太阳销 1 哪,个杀太阳，,,
55,4,interlinear,no_yin cross_split,栽种　粮　就　不　成　明,太种粮无收成。,,
56,4,interlinear,cross_split,哪个　杀　太阳　不,哪个杀太阳，,,
56,5,interlinear,cross_split,田　栽种　國大,小田归他种。,,
57,5,interlinear,cross_split,时　寅　国園太阳　开始　園困,寅时太阳起，,,
58,2,interlinear,cross_split,变　成　图太阳　新 会, 变成新太阳，,,
58,3,interlinear,margin_noise cross_split,让　天下　团圆　設开,：让百姓团圆，,,
58,4,interlinear,no_yin cross_split,阴同山家，,阳谢”最调十型安照,,
59,4,interlinear,cross_split,我　去代来射拿　就　得　来,我射落就得，,,
61,2,interlinear,cross_split,我　去　射　就　得我去,射就落。,,
63,5,interlinear,cross_split,弓箭　放　后面　國,六弓箭挂在肩，,,
64,3,interlinear,cross_split,去　与，琳天厮　杀 科玄,与天神搏斗，,,
65,2,interlinear,margin_noise,进　树藤　上去,爬去树藤上，,,
65,3,interlinear,cross_split,从　马桑树　上去　1大 ,爬上马桑树，,,
66,2,interlinear,margin_noise,世人　来满　下面,世人齐来看，,,
66,3,interlinear,margin_noise,王姜　射　太阳,王姜射太阳。日,,
66,5,interlinear,cross_split,三　个　一同　落　三,个同时落，,,
67,4,interlinear,cross_split,白天　太阳　热 白天,太阳热，支,,
68,3,interlinear,margin_noise,做　人　伶利,样儿真伶利，,,
68,4,interlinear,margin_noise,射　支　弓　第二,射出第二箭，,,
69,2,interlinear,margin_noise,对　上面　到　天大官,射到天府堂，,,
71,2,interlinear,margin_noise,对　公的；雄性　太阳,对准雄太阳。,,
71,3,interlinear,margin_noise,要是　射　它　完,若全部射落，,,
72,3,interlinear,margin_noise,地下　成　乱腾腾,世间乱腾腾，,,
72,4,interlinear,cross_split,白天　像　夜晚（同,外；白天如夜晚，始,,
72,6,interlinear,no_yin cross_split,人　们　哪样；怎样　走 ,人们怎样走？,,
73,2,interlinear,cross_split,留　个　晒　谷子　全一,留一个晒谷，,,
73,4,interlinear,margin_noise,留　个　亮　夜,留一个晚上照。,,
73,5,interlinear,margin_noise,我　本　说　这样,我是这么说，,,
74,4,interlinear,margin_noise,留　个　做　亮,留一个照亮，个,,
74,5,interlinear,cross_split,人间　才呈得　见特玄,世间才有光，本,,
75,4,interlinear,cross_split,有　骑马姜去　地方 云 ,可骑马去玩，美王,,
75,5,interlinear,margin_noise,十二　个　月亮,十二个月亮，,,
76,4,interlinear,cross_split,等　王姜.灵去回来回　后（ 等,王姜回到地上，,,
76,5,interlinear,cross_split,田土　分　成　份　亮 ,田土已分完。,,
77,3,interlinear,margin_noise,王姜　在上面　马桑树,王姜在马桑树上，,,
77,4,interlinear,cross_split,人　在下面　分　田救：,世人在下面分田土。衣限,,
77,5,interlinear,cross_split,地方　哄　咱　哥们　中世,人哄骗咱哥们，,,
78,4,interlinear,margin_noise,地方哄面咱　兄妹,世人哄骗咱兄妹，,,
78,5,interlinear,margin_noise cross_split,来　咱　算　天地　［i,咱们来商量，,,
79,4,interlinear,cross_split,来　兄妹　商量　F，,兄妹来商量，9,,
80,4,interlinear,cross_split,骗　自们　杀　太阳　社商,骗咱去射太阳，,,
80,5,interlinear,cross_split,算　天地　地方　看，J算,计整咱们。,,
83,5,interlinear,no_yin cross_split,故　淰劳　腾　委則,些圾醬背,,
83,6,interlinear,no_yin,做　大水；洪水　淹　天,发洪水淹天，,,
84,3,interlinear,margin_noise,到　后来　就　不,后来却不分，,,
84,4,interlinear,cross_split,各　田大苔各耙　z ,大田各有主，田,,
84,5,interlinear,cross_split,各　田.小冰各　吃天 小,田各有种。,,
85,1,interlinear,cross_split,如果　咱们　算　这样　XL如,果咱们大家这样做，,,
85,4,interlinear,no_yin,底　汝限劳苔回,不，自货 降箱,,
85,5,interlinear,no_yin,看　你们吃田大“0！s,看你们占大田。：i“gsv,,
87,4,interlinear,cross_split,现在　问　你们　不理采 面,问你们也不理。,,
91,5,interlinear,cross_split,门的11,8号，写势建E的！这川,,
91,6,interlinear,no_yin,王姜　造　这样,王姜这样做，,,
93,3,interlinear,margin_noise,得　种子 葫芦　早,这瓜种早熟，,,
94,4,interlinear,margin_noise,得　中于胡产　这　早,这瓜种早熟，,,
97,4,interlinear,margin_noise,葫　芦樂　如同　石盘,葫芦像石盘大，,,
99,4,interlinear,margin_noise,个　哄　儿　哄　孙,拿葫芦逗子孙。,,
100,4,interlinear,margin_noise,别人　摘　忙碌杍,别人摘谷忙碌，,,
101,2,interlinear,margin_noise,王姜　在　家　梳　头,王姜在家梳头。,,
102,4,interlinear,margin_noise,稻谷　田坝中间白　黄,中坝稻谷金黄，,,
103,4,interlinear,margin_noise,怎样　成　水　淹 天,怎样涨洪水？,,
103,5,interlinear,cross_split,全　天下　天下　此天 ,全天下百姓，,,
104,2,interlinear,margin_noise,母亲　问　你们　孩子,母亲问你们孩子：,,
104,4,interlinear,margin_noise cross_split,哪个　开　天地　小,哪个开天地？,,
106,4,interlinear,margin_noise cross_split,母神　问　我们　就　说［天 ,母问咱就讲，,,
109,4,interlinear,margin_noise,要　大王　作　定,要大王决定，,,
110,3,interlinear,cross_split,要　蛟龙　不作　烟筒　不天 ,拿蛟龙作烟筒，,,
111,5,interlinear,cross_split,人世间　不　记　恩真, 世人不记恩，,,
113,2,interlinear,margin_noise,绝灭　百姓　凡间,灭绝世间人。,,
114,2,interlinear,margin_noise,王姜　造　这样,王姜这般作恶，,,
114,3,interlinear,margin_noise,在　世间　死　坏,使世人遭难，,,
114,4,interlinear,margin_noise,牵萃 黄牛　犁　田,罕别人牵牛犁田，,,
115,4,interlinear,margin_noise,水　淹没天，田坝 岜眉（地名）认,水淹岜眉坝。,,
116,4,interlinear,margin_noise cross_split,王姜　做　祈求邮）冒E ,王姜求天地，,,
118,5,interlinear,cross_split,下方　时就不黑　雨 午下方,（南方）就下雨。,,
119,4,interlinear,cross_split,上方　就　闪　雷电人防,上方（北方）就闪电。四,,
120,4,interlinear,margin_noise cross_split,四月　去　初八申飭，四,月到初八，,,
122,5,interlinear,margin_noise,下　来　杀　世间,下来灭田庄。,,
123,5,interlinear,no_yin,雷　隆　呀隆（雷声）,雷公隆隆叫，,,
125,1,interlinear,margin_noise,处所　就　处所　无　火,处处无人烟，,,
125,2,interlinear,margin_noise,寨　岜眉　真　淹,岜眉寨全淹没。,,
125,4,interlinear,cross_split,王姜　来当白家　进　葫芦茁浆 ,王姜回家就进葫芦，冰,,
126,4,interlinear,margin_noise,水下面河　白茫茫,洪水白茫茫，,,
127,1,interlinear,cross_split,王姜　进　葫芦　去　天乳,店 王姜乘葫芦上天。天,,
127,2,interlinear,cross_split,两　兄妹　进　葫芦, 两兄妹乘葫芦，1天,,
128,4,interlinear,margin_noise,天下　i成　乱腾腾,天下乱腾腾，,,
128,5,interlinear,cross_split,天上　卡成　乱纷纷南　也,天上乱纷纷，,,
161,1,interlinear,margin_noise,等　妹：这来　到,邵去等小妹来到。,,
161,3,interlinear,margin_noise cross_split,拉　金奎 又 来　打, 惑太抓金奎来打，,,
163,2,interlinear,margin_noise cross_split,他　爱　他　就　问 部 ,他关心就问，,,
164,4,interlinear,margin_noise cross_split,只　有敬 咱们天田兄妹　發註,只剩咱们兄妹，,,
165,1,interlinear,margin_noise,你　说　他　扯谎,你说他扯谎。国,,
165,3,interlinear,cross_split,兄妹　卦才　珍结婚（字,峨）兄妹才结婚，,,
165,4,interlinear,margin_noise cross_split,讲　个業时后弃个　前,）谈前又谈后，,,
166,5,interlinear,cross_split,兄妹　敬　金奎　剂兄,妹敬金奎，,,
167,1,interlinear,margin_noise,另　又　得共羹结婚,量兄妹得成婚，,,
167,2,interlinear,margin_noise,兄妹　来　结婚,量京兄妹配成双，,,
167,3,interlinear,margin_noise,天天　他　商量,奎金同心共商量。,,
168,2,interlinear,no_yin margin_noise cross_split,罕汉　的　同香 ,浏园,,
168,3,interlinear,no_yin margin_noise,早晚　他　商量,颈吉早晚同商量。,,
168,4,interlinear,margin_noise,兄妹　敬　金奎,量商兄妹敬金奎，,,
168,5,interlinear,margin_noise cross_split,同　住 張得罰 年　半时,）同住了半年，坐,,
169,1,interlinear,margin_noise,生　有　儿子　磨石,生个儿子像磨石。,,
170,4,interlinear,cross_split,tanz.ixK,3日uf,,
170,5,interlinear,no_yin cross_split,要　柴刀同 天放　砍 司同,用柴刀来砍。,,
173,1,interlinear,margin_noise,让　鸟　拿　去　分,让鸟啄去分。,,
173,5,interlinear,cross_split,有　布依人　汉人　不,天有了布依族和汉族。,,
174,1,interlinear,cross_split,日　连　日就　大 ,仪一天比一天长大，,,
175,5,interlinear,no_yin,,演唱人：黎国举,,
175,6,interlinear,no_yin,,搜集整理：黎汝标,,
175,7,interlinear,no_yin,，敬卦人遗朗外进占,搜集时间：1984年2月,,
177,1,interlinear,no_yin,造　年虎（寅）　好像,好像是在虎的那年，,,
177,2,interlinear,no_yin,看　四方没见　太阳,洲看四方没有太阳。,,
177,4,interlinear,no_yin,恰是　像　早晨　白天,那时不分黑夜白天，,,
177,6,interlinear,no_yin cross_split,看　四事那　造　要 完 ,看要造的东西都造好，,,
177,7,interlinear,no_yin cross_split,造　堆围次士　堆　在「那里, 造一些土堆堆在那里，,,
178,1,interlinear,no_yin,造　那　冲冲　坳坳,造出那冲冲坳坳，,,
178,2,interlinear,no_yin,造　那　冲　那　石,造出那山冲和岩石，,,
178,4,interlinear,no_yin,造　秀树　的　天生,造一棵秀树生长，,,
178,5,interlinear,no_yin,秀树　的　理高　真正；真的,那棵秀树长得很高，,,
178,6,interlinear,cross_split,枝　遮　云片耍 当一,枝遮云片，,,
178,7,interlinear,no_yin,枝里　遮　太阳,非一枝遮太阳。,,
179,4,xuanyi,cross_split yi_suspect,个　个　接影一,个出来一个跟后，天,,
179,7,xuanyi,margin_noise,恰是六　像州火苔鸟　唤个,好像火鸟轮流飞翔。,,
180,2,xuanyi,cross_split,全　地方　称赞　敬　）和　祥 ,世间称赞敬和祥，,,
181,6,xuanyi,no_zhi,,一天壅了三层粪，,,
181,7,xuanyi,cross_split,得　个i，大　那来有用1得个,大葫芦来用。,,
182,5,xuanyi,cross_split,天上　河　流　水两 冲刷 ,天上的河水泛滥成灾，,,
182,7,xuanyi,cross_split,才　就大个天上　下育阵雨 天,上下大雨，,,
183,1,interlinear,no_yin,雨　5下　过　渡　坪,下雨涨水翻过坪渡，,,
183,2,interlinear,no_yin,雨六羊　'满　黄河,下雨涨水满黄河，,,
183,3,interlinear,no_yin cross_split,是不黄河，　它　干 去　了 ,等到黄河水消浅，,,
183,4,interlinear,no_yin,他　领斯灵巧　证他不　忧愁,他很灵巧不忧愁，,,
183,5,interlinear,no_yin,王。米述/这时　样好,试这时代的帝王，,,
183,6,interlinear,cross_split,18,0［三十岁才会讲话，,,
184,1,interlinear,no_yin,万　成　大人,一万多岁才成大人，,,
184,2,interlinear,no_yin,粒，米　像游瑚棒捶,一粒米像棒捶一样大羽,,
184,3,interlinear,no_yin cross_split,妻懒料理黃 说 米不 好 妻,子懒做反说米不好，,,
184,4,interlinear,no_yin cross_split,歌删来豆听着　就不习惯麦,唱歌时大家都说不习惯，,,
184,5,interlinear,no_yin,歌，憑和个话经常您“讲,唱歌和讲话都议论着，,,
184,6,interlinear,no_yin,他　就　掉　米粒　下来,他就扔下子小粒米。,,
185,1,xuanyi,cross_split,从前　如多　造　1 从,前创造的东西很多，,,
185,5,xuanyi,yi_suspect,树秀　那苄木高　真的,草秀树长得实在高，当,,
186,2,xuanyi,margin_noise,才令斯西　成（幣人天上,这样才成了天上。,,
186,3,xuanyi,cross_split,造　山石去心　杂： 土造石,山去杂在土山中，,,
186,7,xuanyi,margin_noise cross_split,造　几大蹦冲　几　坝 四太 ,造些山冲和坝子，,,
187,1,interlinear,no_yin,造　几　冲　几　坳,造些山谷和坳坳，,,
187,2,interlinear,no_yin,造　凉亭　守　旷野,造凉亭守望着荒野。,,
187,4,interlinear,no_yin cross_split,去　说根子它　在　年哪,话说它的根源在哪年，,,
187,5,interlinear,no_yin cross_split,根子它　造　年猴（申）　它,根源造在猴（申）的那一年。,,
188,1,xuanyi,cross_split,年虎（寅）造　天上　高高 ,虎的那年造天上，,,
188,2,xuanyi,cross_split,造　云块　去　挂　四方 ,造云片悬挂空中，,,
188,6,xuanyi,yi_suspect,要　云片　造　天,用云片造天，1osb,,
189,3,xuanyi,cross_split,造几神卡几 坝　底层, 造出山冲和平坝，,,
189,5,xuanyi,cross_split,造　几定冲儿坳　去 住, 造山冲山坳让人住，,,
190,1,interlinear,no_yin cross_split,造　诗书古名留　记,造出诗书留后代，,,
190,2,interlinear,no_yin,造　（助）名和　誉,造出名和誉，,,
190,3,interlinear,no_yin,墨和纸在出后,让墨和纸传后世。,,
190,6,interlinear,no_yin cross_split,王　到　样　修那好,王一来就做好事，,,
190,7,interlinear,no_yin,三十　岁才会　讲,话 他三十岁才会说话，,,
191,3,xuanyi,cross_split,粒米　比　棒捶　在 里 这,里的米粒大像棒捶，,,
191,4,xuanyi,cross_split,它　从 根丛稻草落枝 它,从稻根分孽出来，,,
192,1,interlinear,no_yin,才　有　谷种,生 泥土 才有谷种生出来。,,
192,2,interlinear,margin_noise cross_split,r11D月, SE0　2UE门,,
194,5,xuanyi,cross_split,从前　根坡　在里　皇 从,前坡源在皇宫，,,
195,1,interlinear,no_yin,牵　坡　来　地　块,赶坡来成堆，,,
195,2,interlinear,no_yin,坡　赶　去　南面,高山赶去南面，,,
195,3,interlinear,no_yin,坡矮　留　地方 我们,矮坡留在我们地方，,,
195,4,interlinear,no_yin,抬头　尖尖,高山顶上尖尖的，,,
195,5,interlinear,no_yin,弯曲曲　地方　我,弯曲起伏在我们地方。,,
196,1,xuanyi,cross_split,从前　陆陀　造　做 马 从,前陆陀造马匹，,,
197,1,xuanyi,cross_split,发明　要棉纱来　织　做　布 ,用棉纱织布。,,
197,6,xuanyi,cross_split,鲁班　造　碓　来　春 ,鲁班造碓来春米，,,
198,6,xuanyi,cross_split yi_suspect,了以，,“By11:63,,
198,7,xuanyi,yi_suspect,陆陀,竅 陆陀造人种，四，毋,,
198,8,xuanyi,cross_split,造　做脚　1手　五　指, 造人类手脚均五指。,,
199,1,xuanyi,cross_split,从前　有　公；个　王　来 ,从前有个王，,,
199,4,xuanyi,cross_split,只有　他　去　天上　得 ,只有他能上天。,,
200,5,xuanyi,cross_split,。的1！区,的的9U5211g3!Xi的！,,
201,4,xuanyi,cross_split,他　来　安　做　王　盘古它,来安置盘古王。,,
203,1,xuanyi,cross_split,奶　林沖造　九十三　口　井林,婆造九十三口井，,,
203,6,xuanyi,yi_suspect,留　接　水槽　下来,用槽把水接下来，“,,
204,7,xuanyi,cross_split,王　造　月　只•公只母王造,月公月婆，,,
205,4,xuanyi,cross_split,水　就漏　来下面 河塘西 水,就流去西河塘，,,
205,5,xuanyi,cross_split,天下　幸得　耙　做　田 ,人们得到种庄稼，,,
206,1,xuanyi,cross_split,林婆　早上　要　水　来　称 ,林婆早上要水来称，,,
206,5,xuanyi,margin_noise,潭　清燈好　钓鱼，,清塘好钓鱼，,,
206,6,xuanyi,margin_noise,潭　绿　好　撒网,來绿塘好撒网。,,
206,7,xuanyi,cross_split,王　造　做　塘　做 滩王,造河又造滩，,,
207,3,xuanyi,ann_merged,,搜集整理：陆国器,,
207,4,xuanyi,ann_merged,,搜集时间：1983年4月,,
209,3,xuanyi,cross_split,李　千斤　得　锤　来　打李,千斤拿锤来打。,,
209,6,xuanyi,cross_split yi_suspect,打　铁不　要　砧子　当,打铁不用砧子， 雞人,,
210,5,xuanyi,cross_split,造　给人　后代　我们 用 传,给后代人使用。,,
210,6,xuanyi,yi_suspect,火镰　好甲来好造　火,火镰好用来发火，1,,
210,7,xuanyi,cross_split,扇子　纸造　火　蓋 ,纸扇可扇火，,,
211,2,xuanyi,margin_noise,老者　造　火　就　哑子,造火老者是哑子，,,
211,4,xuanyi,cross_split,手　蒙眼睛　男人　就造手,蒙男人眼就造，,,
212,1,interlinear,no_yin cross_split,造　放坡　洞　仰　做　全,造放在崖洞下面，,,
212,2,interlinear,no_yin,水　就出从下面这　来,水就从这下面出来，,,
212,3,interlinear,no_yin cross_split,几　条大　长街　都 淹几,条大街都淹没，,,
212,4,interlinear,no_yin,坑坑　满　地　满天,到处都泛滥成灾，,,
213,1,xuanyi,cross_split,家　王　造　屋未造鸡 ,王家造屋未造鸡，,,
213,4,xuanyi,margin_noise,人　怎样　造　麻,是谁发明麻？,,
215,4,xuanyi,cross_split,媳妇　做媳妇拿鱼网　去 河 媳,妇们拿鱼网去河边，,,
215,5,xuanyi,cross_split,婆；奶做婆拿　网　去　潭，妇,女们拿鱼网下深潭，,,
216,6,xuanyi,margin_noise,变　成　种　眼　圆,变成圆眼动物种。,,
218,6,xuanyi,yi_suspect,鸡　孵　三十一,鸡蛋要孵二十一，頸,,
218,7,xuanyi,cross_split,鸭　孵　三十二　鸭蛋,要孵三十二，,,
219,6,xuanyi,yi_suspect,花　王命　它　扒　尽　效,王的花被扒尽，遊；及,,
220,6,xuanyi,cross_split,认；领　罪　卦求　放，命/认,错求饶命：,,
220,7,xuanyi,cross_split,王　中王　立, 王呀！王！,,
221,3,xuanyi,cross_split yi_suspect,王　才　回答　急忙：（S）动,才 王急忙说，有,,
221,4,xuanyi,yi_suspect,王　才　回答　急忙,策王急忙讲：个,,
221,5,xuanyi,margin_noise cross_split,有　本事　尽管　说些寶 ,如有本事就说，,,
221,6,xuanyi,cross_split,有　句　來好尽管　话业 ,有好话就讲。,,
222,6,xuanyi,yi_suspect,拿　去　摆与头　仙刮,可拿去祭求神仙；飞,,
222,7,xuanyi,cross_split,下　个　1蛋　第三　竹忘 ,生第三个蛋，,,
223,4,xuanyi,cross_split,王　拿看；访　兄妹　凶吉,王可拿去看亲戚；,,
223,6,xuanyi,yi_suspect,王　拿　去　接　媳妇,王可拿去接媳妇；并,,
224,6,xuanyi,cross_split yi_suspect,样　求　鱼　曰上 河 ,第三可去求鱼上河，王,,
226,4,xuanyi,cross_split yi_suspect,唱　述　人：望谟县,城关镇上院廖家国,,
228,3,xuanyi,yi_suspect,得　青苔　长,财：得长条青苔；月三,,
228,4,xuanyi,yi_suspect,刮　次。J网　第二,刮第二次网，民四,,
229,4,xuanyi,yi_suspect,三脚架三　脚　来　摆,三脚架安好，燥,,
229,6,xuanyi,yi_suspect,柴　树　棵　来　摆凶發,要大树来架，人,,
232,6,xuanyi,yi_suspect,鸡　没有　丈夫,川这只雌鸡无公配， 变,,
232,7,xuanyi,cross_split,要　斑鸠　做　父　要,斑鸠来配，,,
233,5,xuanyi,cross_split,三　声　咯咯　它就下 略,咯三声就下蛋，,,
233,6,xuanyi,cross_split,七　声　咯咯　它就　走 ,七声叫就离了窝，,,
234,3,xuanyi,cross_split,鸡　孵　二十一　的可　些,鸡孵蛋二十牛天，,,
234,4,xuanyi,cross_split yi_suspect,鸭　还是　鸭　些,鸭还是鸭，9,,
234,6,xuanyi,yi_suspect,鹅　四十　开,鹅孵四十天出壳。 」,,
234,7,xuanyi,cross_split,变　成　嘴　出　圈　变,成嘴出壳，,,
235,6,xuanyi,yi_suspect,鸡　奶　没有,唯独鸡没有奶，人,,
237,3,interlinear,cross_split,演,唱人：册亨县覃发修,,
237,4,interlinear,no_yin,•XI0E了,搜集记录：黄义仁,,
237,5,interlinear,no_yin,国品.,流传地区：望谟、册亨、罗甸等地,,
237,6,interlinear,no_yin,,搜集时间：1963年5月,,
239,3,xuanyi,cross_split,林婆　造　水井　在 中间 ,岩造水岩中出，,,
241,5,xuanyi,yi_suspect,得　场　二十五,待到三场二十五，好,,
242,3,xuanyi,cross_split yi_suspect,老人　扯　做　棵　冠,产老人一棵一棵扯，选谷,,
242,4,xuanyi,yi_suspect,青年　点种　做　把赋　冰,青年一把一把插。彤,,
242,5,xuanyi,yi_suspect,得　三　场　二十五,得了三场二十五，干谷,,
243,6,xuanyi,cross_split,咱　扛　挞斗　青杠树　去 函挞, 咱扛青杠斗去挞，,,
244,3,xuanyi,margin_noise,约　小孩　来　舂,叫小孩们来春。,,
244,6,xuanyi,cross_split yi_suspect,兔耳风　造　甜酒　树工,兔耳风造酒才甜， 即,,
244,7,xuanyi,cross_split,酒药叶　造　4醇酒　酒,药叶造酒方醇。,,
245,6,xuanyi,margin_noise,邀　小孩　来　舂,志叫小孩子来春，,,
245,7,xuanyi,yi_suspect,三　四妇女来　滚　药丸,妇女们来滚药丸，葭酥,,
246,2,xuanyi,cross_split,滚　成　三十　颗　只 雄 滚,成三十颗雄珠，,,
246,3,xuanyi,cross_split,捏　成　九十　颗只雌捏成,九十颗雌的，,,
248,1,xuanyi,ann_merged,,搜集整理人：韦永奎,,
248,2,xuanyi,ann_merged,，斯盛陈啵游了,搜集时间：1960年2月,,
249,4,xuanyi,cross_split,才　要　艾树　来　做柱子 ,才要艾树做柱子，,,
251,4,xuanyi,cross_split,因为人家去　做买卖　集市 下面 ,别人做买卖，,,
251,5,xuanyi,cross_split ann_merged,你们　不去　做买卖 集市 ,你们兄弟不做买卖。,,
252,1,xuanyi,cross_split,若你们J去　做买卖　集市　下面, 若你们去做买卖，,,
252,2,xuanyi,cross_split,若你们1 去　做生意　集市上面 ,若去集市做生意。,,
252,6,xuanyi,cross_split yi_suspect,拉；扯 得　句　母　说　市,業王听从母亲的话。入,,
253,1,xuanyi,cross_split,肉食　放竹筒　王　去　把,肉装在竹筒里就走，,,
253,3,xuanyi,yi_suspect,王　才　走　得　天,马 王走三天马，工,,
255,6,xuanyi,yi_suspect,王餅　安收拾全　W爱　全,该收拾的已收拾，人必,,
255,7,xuanyi,cross_split,拿　放　竹筒　金竹　王　来 ,装在王的竹筒里带来，,,
256,7,xuanyi,yi_suspect,王　尽管　来　尽管　来,［王走来走去，拿,,
257,1,xuanyi,yi_suspect,王　来　到　侬族,王来到依人地方，苗,,
257,7,xuanyi,yi_suspect,王　来　到　苗族,亮王来到苗族地方，1早,,
258,2,xuanyi,margin_noise,王　下送来　到　沙,王下来到平地，,,
258,7,xuanyi,margin_noise,早上　明天　蒙蒙亮　熟苗,次日天刚亮，,,
259,2,xuanyi,yi_suspect,安　灶　放中间　田,安炉在田坝中间。醉风,,
260,6,xuanyi,cross_split,打　做　凿　嘴　狗　打,成狗嘴凿，,,
260,7,xuanyi,yi_suspect,不士該成　凿　嘴　狗　政匪,不成狗嘴凿。关帝,,
261,7,xuanyi,cross_split,有　个　落　话有,个人来说，,,
262,2,xuanyi,margin_noise,王　呀,王呀王：,,
262,6,xuanyi,cross_split yi_suspect,王　需才依不得　回话老人 ,可嘱 王依老人嘱，不,,
262,7,xuanyi,yi_suspect,扯　得（来话个老人说,王依老人话。个,,
263,6,xuanyi,cross_split,拿　来　放　铁砧　赵 志,拿放在铁砧上，,,
263,7,xuanyi,cross_split yi_suspect,打　做　凿　嘴　狗　， 士打,做狗嘴凿，翅,,
264,2,xuanyi,yi_suspect,打做斧　口　扁,打做扁口斧，來,,
264,3,xuanyi,yi_suspect,就成斧或口　扁,就成扁口斧。來,,
264,6,xuanyi,cross_split,打做锯　齿　去　齿回 打,做锯齿交错的锯子，,,
264,7,xuanyi,cross_split,就　成锯齿去　齿安回 ,就成锯齿交错的锯子。,,
265,6,xuanyi,cross_split,早上　明天　蒙蒙亮　遊,气明早天发白，,,
265,7,xuanyi,cross_split,王　出森去　磨　斧面言下游，,王去下游磨斧头，,,
266,4,xuanyi,cross_split,叫醒。烹只媳妇口红　做白早饭 ,叫醒媳妇做早饭，,,
266,6,xuanyi,yi_suspect,叫醒　媳妇做貝早饭　早,叫醒媳妇做早饭。二,,
267,4,xuanyi,cross_split,选　得四 百八　根，柱子 ,选得四百八十棵柱子，,,
269,4,xuanyi,cross_split,王　喊　三十　村　地佃户, 王令三十村的地佃户，,,
269,7,xuanyi,margin_noise,百姓　全部,叫齐所有老百姓。,,
271,4,xuanyi,cross_split yi_suspect,六　人　驮木柱子　面1 一,六人抬一棵，木,,
272,7,xuanyi,cross_split,院子　上面刷满°到　村 罕民,上院的木材堆满村，,,
273,6,xuanyi,cross_split,王　煮　饭放　口袋　坚, 王煮饭放在口袋里，,,
275,6,xuanyi,cross_split,嘴　王　迟钝　不 说　鼠,王口钝未讲，,,
276,7,xuanyi,cross_split,请　匠人去　起 房子 新, 请师去帮忙，,,
277,4,xuanyi,cross_split,假如　请　丘　做　房子 新 ,假如请师起新房，,,
277,6,xuanyi,yi_suspect,我问十价　做　多,我问工价给多少？人,,
278,3,xuanyi,margin_noise,工价　要　几多,工价要多少？,,
279,1,xuanyi,yi_suspect,角尺　要　钱二,量个角尺一钱二，1,,
279,2,xuanyi,yi_suspect,刨口　要竹口十三,刨口价要十三钱，冷,,
279,5,xuanyi,cross_split,你们嫌六会贵下就罢了　計,人你们嫌贵就算了。,,
279,6,xuanyi,cross_split,假如，具工价 刘根人线要钱一能，假,如划条墨线一钱一，,,
280,1,xuanyi,yi_suspect,刨口　要　十三,刨口价要十三钱，田,,
280,2,xuanyi,yi_suspect,斧口　要　十二,斧口价要十二钱，（,,
280,5,xuanyi,cross_split,匠　才来收拾 零星　T黑,匠人才收拾东西，？,,
280,7,xuanyi,yi_suspect,来　收拾　凿子　收拾 斧子,收拾凿子和斧子，以肖,,
281,6,xuanyi,yi_suspect,王　才　来　家父自己,王才回自己的家，否,,
282,1,xuanyi,yi_suspect,煮　饭四低给　匠人　吃,煮饭给匠人吃，刘,,
282,3,xuanyi,cross_split,匠人；　还是　匠人　受,匠人总是匠人，,,
283,6,xuanyi,margin_noise,要　根木线爾一来弹,拿墨线来弹，,,
283,7,xuanyi,margin_noise cross_split,要　角尺 来量　冷,拿角尺来量，,,
284,6,xuanyi,cross_split,匍匐　上面 来木　刨子　範 ,刨子匍匐木材士。,,
284,7,xuanyi,yi_suspect,苦脸　样米牙　尖嘴斧,量苦脸像那尖嘴斧，要,,
285,3,xuanyi,margin_noise,做　凸　相接,做凸凹衔接。,,
285,4,xuanyi,yi_suspect,钻　孔　版,钻竖孔，辞,,
285,6,xuanyi,margin_noise yi_suspect no_zhi,,SHO马年 2好分5,,
287,4,xuanyi,cross_split,假如　日冷卯人　竖　柱　长假,如卯日竖大柱，,,
287,6,xuanyi,cross_split,王　喊　三　三地佃户, 王叫三十村地佃户，,,
288,4,xuanyi,cross_split,十人十日条绳子　迎,十人十条绳，,,
288,5,xuanyi,cross_split,百人百大条藤索　築大, 百人百条索，,,
288,7,xuanyi,cross_split,匠人　回答　急忙　白掛田 ,匠人急忙开口说，,,
289,1,xuanyi,yi_suspect,匠人　回答　急忙,匠人急忙开口讲，欢,,
289,2,xuanyi,cross_split,腿拌麵肉祭　凿口　有　没有【祭,凿口的肉有没有？,,
290,1,xuanyi,cross_split,张　席子围　：师父 有 没有 祭,桌的席子有没有？,,
290,6,xuanyi,cross_split,紧紧　拿　枋头　肖父刑 枋,头接紧枋头，,,
290,7,xuanyi,cross_split,中间　拿　它　稳　父,司中间的地方很稳。,,
291,6,xuanyi,cross_split yi_suspect,116B2,130002 216D日,,
292,6,xuanyi,cross_split,拿，做堆去　烧　， ,堆起来就拿去烧。,,
292,7,xuanyi,cross_split,烧　得弘彩两　三　对场 纵翅 ,烧了两三对场，,,
297,3,interlinear,no_yin,让　你　细细,你且仔细听，,,
298,5,xuanyi,ann_merged,它　又　来　香　硬,既香又硬朗（2. 弯曲），,,
298,6,xuanyi,no_zhi,,后生（2. 子孙）守到亮？,,
299,5,xuanyi,cross_split,那么　我　也　学　编 ,且让我学编；,,
300,1,interlinear,no_yin,那么　我　也　学,数：且让我来猜。,,
300,3,interlinear,no_yin,鬼　个　棺9二　从前,那是棺木中的前辈。,,
