册,页,行号,置信度,文本,人工判定(对/错),备注
古歌,3,5,0.3,贵州省民族事务委员会古雞 编
古歌,3,7,0.3,黎汝标 黄义仁等 编译整理
古歌,3,11,0.3,850×1168 毫米 1/32 印张 31 字数776千字
古歌,3,12,0.3,1998年4月第1版1998年4月第1次印刷
古歌,3,14,0.3,ISBN7-5412-0661-X/1 212（民文）　定价：45.00元
古歌,4,20,0.3,编者
古歌,5,2,0.3,龙志毅　话园另飞业，典
古歌,5,3,0.3,起外取连育造
古歌,6,29,0.3,一②-
古歌,8,10,0.3,XAAUX WENZ DEEML DINLDUEZ TIIX IMAS项
古歌,8,14,0.3,造火•
古歌,8,15,0.3,一1-
古歌,9,2,0.3,造酒，
古歌,9,3,0.3,造房屋……
古歌,9,4,0.3,风俗古歌　欧出
古歌,9,5,0.3,《摩经•温》选译
古歌,9,6,0.3,砍马经。
古歌,9,12,0.3,开道歌，
古歌,9,15,0.3,一2—
古歌,10,2,0.3,范龙⋯⋯
古歌,10,3,0.3,马赛•
古歌,11,1,0.3,造物古歌
古歌,11,2,0.3,含S2
古歌,12,1,0.3,十 11　个太阳
古歌,12,19,0.3,一2
古歌,13,2,0.3,讲　米　咱　父老　咱父老来摆，③
古歌,13,3,0.3,讧　万　.朝　天
古歌,13,6,0.3,讲　来　咱　父老　咱父老来摆，
古歌,13,8,0.3,讲　王人　造　百姓（？）　摆王造百姓。
古歌,13,11,0.3,吉日　进　来　到　今日逢吉日，
古歌,13,14,0.3,③ 摆：即摆谈、讲述。
古歌,14,5,0.3,江八刀朝
古歌,14,9,0.3,陈香
古歌,14,11,0.3,咱　讲　辈　对　•古　咱摆古老事，
古歌,14,12,0.3,一4-
古歌,15,3,0.3,讧　卜王　串　姓　姑
古歌,15,6,0.3,sau3ivay化2
古歌,15,8,0.3,拉地　直　央　肥　王哥
古歌,15,9,0.3,口超胜於B⑦
古歌,15,10,0.3,凡间　烟　火　可式凡间起火烟，
古歌,15,11,0.3,召王　疑　米　利　驸遊
古歌,15,12,0.3,三1；“的
古歌,15,13,0.3,召王　疑　不　好火　召王觉不好，　卧民
古歌,15,15,0.3,一5一
古歌,16,2,0.3,做　年　干旱　使天早三年。
古歌,16,6,0.3,口B到
古歌,16,7,0.3,咱　就　不　猜　疑　咱怎会料到？
古歌,16,9,0.3,讲　，召王　万历　讲万历召王，
古歌,16,10,0.3,拉地　窝　央　肥　冰　王醫
古歌,16,11,0.3,凡间　冒下觉烟马　火　不凡间冒烟火，　王日
古歌,16,12,0.3,王演战一片态烧游的。人正B协短
古歌,16,13,0.3,一6一
古歌,17,6,0.3,召王　疑　不　长好　召王觉不妙，
古歌,17,8,0.3,做　三　年　干旱司　使天旱三年。　卧部
古歌,17,9,0.3,讧　召王　好　汉宫玉　立
古歌,17,10,0.3,山：　口二
古歌,17,11,0.3,讲　召王诮贝不白　旱毖崩　谈起召王时天旱，　不
古歌,17,12,0.3,一7—
古歌,18,2,0.3,季节　十二　太阳　当时有十二个太阳，「台
古歌,18,3,0.3,召王　音　四汉　站
古谢经,2,1,0.3,编
古谢经,3,1,0.3,黔新登字（90）04号
古谢经,3,9,0.3,泌
古谢经,3,14,0.3,850 ×1168毫米
古谢经,3,15,0.3,375千字 插页2
古谢经,3,18,0.3,印数0001——~3000冊
古谢经,3,19,0.3,ISBN 7-5412-0236-3/I•82<民文）定价：7:20元
古谢经,6,16,0.3,翁），第四卷：《请灵经》（穆荡）；第五卷：《转场经》（穆近），
古谢经,9,24,0.3,编者
古谢经,10,3,0.3,系统
古谢经,10,5,0.3,粱泽信 韦绍熙
古谢经,10,9,0.3,成。声母有30个，其中的p‘、 、k‘、 ’、 ”送气音声母，是一、 土语
古谢经,10,18,0.3,一、声母
古谢经,10,30,0.3,擦音
古谢经,10,40,0.3,舌尖音
古谢经,10,50,0.3,旦
古谢经,11,2,0.3,p'p‘a的8雷，
古谢经,11,3,0.3,ppa》鱼，
古谢经,11,4,0.3,2b ?ba肩膀，m ma“狗，
古谢经,11,5,0.3,zd zda背带，n na“厚，
古谢经,11,6,0.3,1 la“拉，
古谢经,11,7,0.3,+4a“纸，
古谢经,11,8,0.3,k‘k'a“殺，
古谢经,11,9,0.3,k ka多脚杆，
古谢经,11,10,0.3,ga'芽，
古谢经,11,11,0.3,？ ？a°瘦干病，
古谢经,11,13,0.3,h hal 茅草，
古谢经,11,14,0.3,五，
古谢经,11,15,0.3,e can's黄，
古谢经,11,16,0.3,"t tGian""钱，"
古谢经,11,17,0.3,tg'tg'ie38丢，
古谢经,11,18,0.3,ts tsa”大碗，
古谢经,11,19,0.3,ts‘t58.88等，
古谢经,11,20,0.3,鞋，
古谢经,11,24,0.3,2 zal8妻子，
古谢经,11,25,0.3,找，
古谢经,11,26,0.3,kw kwas过，
古谢经,11,28,0.3,"5w nwa""s瓦，"
古谢经,11,29,0.3,？j ？ja“坏（破），？w ?wa的呆，
古谢经,11,30,0.3,t、t”、日、】这组声母出现在单元音“&”收尾时，在扁担山话中
古谢经,11,33,0.3,二、韵母
古谢经,11,77,0.3,韵母例宇：
古谢经,11,78,0.3,ta’河，
古谢经,11,79,0.3,ai paisa走，
古谢经,11,80,0.3,"au kau""'湾，"
古谢经,11,82,0.3,an zan3水，
古谢经,11,84,0.3,2in Pda:g身，
古谢经,11,85,0.3,an rdans鼻子，
古谢经,11,86,0.3,at Pdatso紧，
古谢经,11,87,0.3,ak Pak 胸，
古谢经,11,89,0.3,ei peios 母亲，
古谢经,11,91,0.3,eu peu”s个，（人）
古谢经,11,93,0.3,en len®s象，（一样）
古谢经,11,94,0.3,cx ten”s拐棍，
古谢经,11,96,0.3,打，（捶）
古谢经,11,99,0.3,ek mek 8哄，
古谢经,11,101,0.3,屁股，
古谢经,11,103,0.3,他，
古谢经,12,1,0.3,ie tp'iess 丢，
古谢经,12,4,0.3,丟，（甩）
文化大观,1,5,0.3,文化大班
文化大观,4,1,0.3,图书在版编目（CI P）数据
文化大观,4,5,0.3,1.①布
文化大观,4,6,0.3,I.①贵⋯ 皿. 布依族-民族文化一介
文化大观,4,8,0.3,绍-中国
文化大观,4,35,0.3,1~1600册
文化大观,15,5,0.3,劳
文化大观,19,4,0.3,吹“勒友”
文化大观,21,5,0.3,黄平
文化大观,21,6,0.3,徐飞
文化大观,21,7,0.3,刘晖
文化大观,21,8,0.3,宋溪
文化大观,21,16,0.3,主编
文化大观,21,22,0.3,曾玲
文化大观,22,3,0.3,唐世礼 班程农
文化大观,22,30,0.3,王芳恒
文化大观,22,35,0.3,龚德全黄晓
文化大观,22,36,0.3,黄咏
文化大观,22,41,0.3,•罗汛河
文化大观,22,43,0.3,施蕾
文化大观,22,50,0.3,薛丽娥
文化大观,22,58,0.3,图片周国茂
文化大观,22,60,0.3,樊敏
文化大观,23,3,0.3,吴军
文化大观,23,29,0.3,一1—
文化大观,24,17,0.3,一2-
文化大观,25,1,0.3,凡例
文化大观,26,1,0.3,目录
文化大观,26,3,0.3,序：
文化大观,26,17,0.3,第二章 语言
文化大观,26,27,0.3,第三章 文字：
文化大观,26,55,0.3,一1—
文化大观,27,4,0.3,第四节伦理道德教育
文化大观,27,18,0.3,第六节 通讯
文化大观,27,50,0.3,第二节 文学
文化大观,27,53,0.3,第三节 艺术
文化大观,27,61,0.3,第三节 教育
文化大观,27,67,0.3,一2—
文化大观,28,1,0.3,目录
文化大观,28,48,0.3,一 3 —
文化大观,29,1,0.3,第一章概述
文化大观,30,9,0.3,、“土人”等。
文化大观,30,22,0.3,、“夷族”
文化大观,30,23,0.3,、“水家”、“水族”、“水仲家”等。
文化大观,30,40,0.3,"*2jait］，称汉族为“濮哈""［pu“ha’］、“濮棍”［pu""kun"
文化大观,30,41,0.3,'］，称苗族为“濮尤”［pu*ju’］，称
文化大观,30,43,0.3,彝族沩“濮绵”［pu*
文化大观,30,44,0.3,'non？］.“濮
文化大观,30,46,0.3,一2一
文化大观,31,2,0.3,蛮”［pu'ma:n’］，称兴仁、晴隆和关岭、镇宁等地部分地区布依族为“濮纳”［pu‘na'］，望谟
文化大观,31,4,0.3,［pu*nog”］，如此等等，凡人、族皆称“濮”［pu*］。众多的“濮”［pu*］在汉族史官眼里，当
文化大观,31,39,0.3,① 《隋书•地理志》。
文化大观,31,42,0.3,一3-
文化大观,32,11,0.3,“仲蛮”
文化大观,32,26,0.3,、“有
文化大观,32,36,0.3,① 见《宋史•蛮夷四》。
文化大观,34,26,0.3,干或树桩”之意，“牁（柯）”
文化大观,35,1,0.3,第一章 概述
文化大观,35,38,0.3,一7=
文化大观,36,3,0.3,文化。布依族摩经中诸多有关“王”的故事、传说，把极乐世界“拜”［pat］、“仙”［Bian'］
