册,页,抖动px,块数,y起,y止,行内容（按x序）,判定(应合并/应拆开),备注
文化大观,299,56,4,455,571,省 | 亥 | 丑 | 年,应合并,示意图标注（单栏语义）
文化大观,273,43,6,539,634,正月初四至十五 | “根今” | 镇宁县黄果树、石头寨、孔马、红 | 运、五里坝及关岭 | 文艺演出、“囊绍囊 | 冒”、吹唢呐、打篮球,应合并,节日一览表表格行（单栏语义，一条记录的各单元格并成一行正确）
文化大观,270,40,5,917,1010,正月初二 | 歌会 | 独山县兔场镇京寨阳公关及独山、 | 都匀两县交界处 | 对歌、吹芦笙,应合并,节日一览表表格行（单栏语义，一条记录的各单元格并成一行正确）
文化大观,271,40,4,2181,2276,六月初四至初五 | 长顺县摆所镇中坝杉树桥及惠水、 | 罗甸、紫云 | “囊绍囊冒”、唱歌,应合并,节日一览表表格行（单栏语义，一条记录的各单元格并成一行正确）
文化大观,83,37,2,382,538,发音方法 | 发音部位,应合并,声韵调表表头行（单栏语义，表头单元格并成一行正确）
文化大观,84,35,2,1627,1770,发音方法 | 岌普部位,应合并,声韵调表表头行（单栏语义，表头单元格并成一行正确）
文化大观,81,32,4,1871,1975,数时，要用？i、gi。如 | 百一 | （一百一十）、千 | （一千二百）、 三（一尺二寸），等,应合并,散文行内举例（单栏语义，同一行内的字词例并成一行正确）
文化大观,273,31,5,785,874,六月初六 | 六月六 | 镇宁县境内 | 文艺演出、吹唢呐、打 | 篮球、“囊绍囊冒”,应合并,节日一览表表格行（单栏语义，一条记录的各单元格并成一行正确）
文化大观,80,28,5,1959,2048,（5）通称＋专称式，如 | 匠 | 医 | （医生）、树柳 | （柳柄）、天（日）午（午日）。,应合并,散文行内举例（单栏语义，同一行内的字词例并成一行正确）
文化大观,81,28,4,394,495,（3）半借音半意译。如 | 布卡机 | （咔叽布）、 | 镜眼睛（眼镜）。,应合并,散文行内举例（单栏语义，同一行内的字词例并成一行正确）
文化大观,271,28,4,797,877,正月初一至十五 | 春节 | 罗甸县境内 | 对歌、丢花包、打毽、,应合并,节日一览表表格行（单栏语义，一条记录的各单元格并成一行正确）
文化大观,514,28,7,1002,1078,5 | 关岭红崖古迹（红崖 | 待考 | 摩崖 | 省级 | 龙爪树村东 | 1982年,应合并,文保单位名录表表格行（单栏语义）
文化大观,80,27,3,2196,2291,毛绒绒 | （毛绒绒）、长拉 | （长拉拉）等。,应合并,散文行内举例（单栏语义，同一行内的字词例并成一行正确）
文化大观,272,27,4,1505,1588,正月初一至初 | 看会 | 麻江谷洞石板河及麻江、都匀、贵 | 对歌比赛,应合并,节日一览表表格行（单栏语义，一条记录的各单元格并成一行正确）
文化大观,273,25,4,1802,1880,普定县六月初六 | 过大年 | 普定县陇戛及方圆50公里 | 男女老幼郊游，青年,应合并,节日一览表表格行（单栏语义，一条记录的各单元格并成一行正确）
文化大观,275,25,4,587,665,七月十四至十五 | 火箭节 | 兴仁县潘家庄镇大新寨及兴仁、安 | 祭官厅、打火箭,应合并,节日一览表表格行（单栏语义，一条记录的各单元格并成一行正确）
文化大观,276,25,4,583,661,六月初六 | 六月六 | 安龙县德卧镇及兴仁、兴义一带 | 赶集式的歌唱、“囊绍,应合并,节日一览表表格行（单栏语义，一条记录的各单元格并成一行正确）
文化大观,276,25,4,760,838,正月初十至十五 | 过年 | 册享县威信旁村大寨、威信及安龙 | 跳转场舞,应合并,节日一览表表格行（单栏语义，一条记录的各单元格并成一行正确）
文化大观,276,25,5,937,1015,册享县 | 三月初三至初五 | 三月三 | 册亨县境内 | 祭祖、走亲访友、对歌,应合并,节日一览表表格行（单栏语义，一条记录的各单元格并成一行正确）
文化大观,298,25,3,2095,2190,西（卡内） | 东（卡若）、 | 日出,应合并,示意图标注（单栏语义）
文化大观,269,24,4,1565,1641,七月逢鼠场 | 牛打场 | 花溪区孟关上板、牛郎关以及花溪 | 斗牛,应合并,节日一览表表格行（单栏语义，一条记录的各单元格并成一行正确）
文化大观,271,24,4,455,531,七月十三至十五 | 七月半 | 平塘县境 | 包粽子，给已故老人,应合并,节日一览表表格行（单栏语义，一条记录的各单元格并成一行正确）
文化大观,272,24,5,1613,1690,麻江县 | 五月二十八至三 | 看会 | 麻江县又诗、贤昌及麻江、都匀、福 | 唱歌,应合并,节日一览表表格行（单栏语义，一条记录的各单元格并成一行正确）
文化大观,272,24,4,1722,1799,六月二十四至二 | 看会 | 麻江县贤昌、谷洞及麻江、都匀、福 | 唱歌,应合并,节日一览表表格行（单栏语义，一条记录的各单元格并成一行正确）
文化大观,273,24,4,346,418,正月初一至初五 | “根今” | 镇宁县境内 | 甩花包、打毽子、玩,应合并,节日一览表表格行（单栏语义，一条记录的各单元格并成一行正确）
文化大观,273,24,5,1339,1414,紫云县 | 正月三十 | 了年节 | 紫云县境内 | 筹备春耕生产,应合并,节日一览表表格行（单栏语义，一条记录的各单元格并成一行正确）
文化大观,273,24,4,2382,2456,五月二十八 | 五月二 | 旧州镇 | 对歌、通宵玩山,应合并,节日一览表表格行（单栏语义，一条记录的各单元格并成一行正确）
文化大观,274,24,4,1879,1955,六月初六 | 六月六 | 纳雍县老凹坝大、小平寨及方圆30 | 唱歌、游艺,应合并,节日一览表表格行（单栏语义，一条记录的各单元格并成一行正确）
文化大观,274,24,4,2104,2177,正月初一至初三 | 过年 | 兴义市仓更、泥凼、顶效、马岭等 | 舞狮、玩灯、打磨,应合并,节日一览表表格行（单栏语义，一条记录的各单元格并成一行正确）
文化大观,275,24,4,909,986,正月初一至十五 | 过年 | 普安县盘县、普安交界处的彩花洞 | 对歌、跳笙、“囊绍囊,应合并,节日一览表表格行（单栏语义，一条记录的各单元格并成一行正确）
文化大观,276,24,4,2478,2555,九月初九 | 重阳 | 水城县发耳、米罗布依族苗族彝族 | 分村寨集会敬神树,应合并,节日一览表表格行（单栏语义，一条记录的各单元格并成一行正确）
古谢经,53,23,3,1381,1465,meg''peuss | pauss | ku0n33,应拆开,原书把同一诗行的两字竖排堆叠（暴/亚、男/女）以省横向空间；上字块与整行重叠<60% 而单独成行，行序偏一位。内容无损，全册仅此 8 页有此类堆叠
古谢经,252,23,3,531,617,控 | 妈 拜门 | 养,应合并,同一诗行的汉字块与记音块，Vision 对同行的 y 估计抖动
古谢经,364,23,2,1962,2043,扁弯刀磨得锋利。 | ．,应合并,同一诗行的汉字块与记音块，Vision 对同行的 y 估计抖动
文化大观,269,21,4,1802,1877,正月初一 | 过大年 | 开阳县禾丰乡王车、水口花桥及开 | 唱歌、“爽绍囊冒”,应合并,节日一览表表格行（单栏语义，一条记录的各单元格并成一行正确）
文化大观,271,21,3,1806,1880,正月初一至初三 | 长顺县代化镇红苗祠、交麻乡及惠 | “囊绍囊冒”、唱歌,应合并,节日一览表表格行（单栏语义，一条记录的各单元格并成一行正确）
文化大观,271,21,3,2385,2460,立秋日 | 惠水、罗甸、紫云、长顺 | “囊绍囊冒”、唱歌,应合并,节日一览表表格行（单栏语义，一条记录的各单元格并成一行正确）
文化大观,511,21,7,1214,1283,4 | 长顺睦化地层剖面 | 泥盆纪至 | 其他 | 省级 | 睦化乡 | 1985年,应合并,文保单位名录表表格行（单栏语义）
文化大观,514,21,8,808,878,3 | 花江铁索桥 | 清 | 古建筑 | 省级 | 文山乡南12 | 1982年 | 县境内，只作一,应合并,文保单位名录表表格行（单栏语义）
